{
    "name": "root",
    "gauges": {
        "Mover.Policy.Entropy.mean": {
            "value": 1.687206506729126,
            "min": 1.5857341289520264,
            "max": 1.7901133298873901,
            "count": 7
        },
        "Mover.Policy.Entropy.sum": {
            "value": 3381.161865234375,
            "min": 3168.296875,
            "max": 3582.016845703125,
            "count": 7
        },
        "Mover.Step.mean": {
            "value": 13998.0,
            "min": 1998.0,
            "max": 13998.0,
            "count": 7
        },
        "Mover.Step.sum": {
            "value": 13998.0,
            "min": 1998.0,
            "max": 13998.0,
            "count": 7
        },
        "Mover.Policy.ExtrinsicValueEstimate.mean": {
            "value": 2.628820584504865e-05,
            "min": 2.628820584504865e-05,
            "max": 0.6490469574928284,
            "count": 7
        },
        "Mover.Policy.ExtrinsicValueEstimate.sum": {
            "value": 0.01753423362970352,
            "min": 0.01753423362970352,
            "max": 432.2652587890625,
            "count": 7
        },
        "Mover.Losses.PolicyLoss.mean": {
            "value": 0.13410449803147154,
            "min": 0.1217744310294317,
            "max": 0.14070096619737646,
            "count": 7
        },
        "Mover.Losses.PolicyLoss.sum": {
            "value": 1.0728359842517723,
            "min": 0.8721203000750394,
            "max": 1.1256077295790117,
            "count": 7
        },
        "Mover.Losses.ValueLoss.mean": {
            "value": 1.1109529143557616e-11,
            "min": 1.1109529143557616e-11,
            "max": 0.006062874845589422,
            "count": 7
        },
        "Mover.Losses.ValueLoss.sum": {
            "value": 8.887623314846093e-11,
            "min": 8.887623314846093e-11,
            "max": 0.04244012391912595,
            "count": 7
        },
        "Mover.Policy.LearningRate.mean": {
            "value": 0.00029215965261344994,
            "min": 0.00029215965261344994,
            "max": 0.0002993774573503714,
            "count": 7
        },
        "Mover.Policy.LearningRate.sum": {
            "value": 0.0023372772209075995,
            "min": 0.0020706474097841997,
            "max": 0.0023857062047646,
            "count": 7
        },
        "Mover.Policy.Epsilon.mean": {
            "value": 0.19738655000000005,
            "min": 0.19738655000000005,
            "max": 0.19979248571428573,
            "count": 7
        },
        "Mover.Policy.Epsilon.sum": {
            "value": 1.5790924000000004,
            "min": 1.3902158,
            "max": 1.5952354,
            "count": 7
        },
        "Mover.Policy.Beta.mean": {
            "value": 0.004869588845,
            "min": 0.004869588845,
            "max": 0.004989645037142857,
            "count": 7
        },
        "Mover.Policy.Beta.sum": {
            "value": 0.03895671076,
            "min": 0.03451176842,
            "max": 0.039762246460000004,
            "count": 7
        },
        "Mover.IsTraining.mean": {
            "value": 1.0,
            "min": 1.0,
            "max": 1.0,
            "count": 7
        },
        "Mover.IsTraining.sum": {
            "value": 1.0,
            "min": 1.0,
            "max": 1.0,
            "count": 7
        }
    },
    "metadata": {
        "timer_format_version": "0.1.0",
        "start_time_seconds": "1638102939",
        "python_version": "3.9.7 (default, Sep 16 2021, 16:59:28) [MSC v.1916 64 bit (AMD64)]",
        "command_line_arguments": "C:\\Users\\liamk\\anaconda3\\envs\\unity\\Scripts\\mlagents-learn Learning/Mover.yaml --run-id=pb_02",
        "mlagents_version": "0.27.0",
        "mlagents_envs_version": "0.27.0",
        "communication_protocol_version": "1.5.0",
        "pytorch_version": "1.10.0+cpu",
        "numpy_version": "1.21.4",
        "end_time_seconds": "1638102998"
    },
    "total": 59.704711499999995,
    "count": 1,
    "self": 0.005032899999996232,
    "children": {
        "run_training.setup": {
            "total": 0.07626029999999995,
            "count": 1,
            "self": 0.07626029999999995
        },
        "TrainerController.start_learning": {
            "total": 59.6234183,
            "count": 1,
            "self": 0.2163178999998081,
            "children": {
                "TrainerController._reset_env": {
                    "total": 7.8987685999999995,
                    "count": 1,
                    "self": 7.8987685999999995
                },
                "TrainerController.advance": {
                    "total": 51.40697580000019,
                    "count": 14087,
                    "self": 0.10027920000026569,
                    "children": {
                        "env_step": {
                            "total": 51.306696599999924,
                            "count": 14087,
                            "self": 37.88316860000036,
                            "children": {
                                "SubprocessEnvManager._take_step": {
                                    "total": 13.314086899999953,
                                    "count": 14087,
                                    "self": 0.4311595999993294,
                                    "children": {
                                        "TorchPolicy.evaluate": {
                                            "total": 12.882927300000624,
                                            "count": 14087,
                                            "self": 2.4094141000005447,
                                            "children": {
                                                "TorchPolicy.sample_actions": {
                                                    "total": 10.47351320000008,
                                                    "count": 14087,
                                                    "self": 10.47351320000008
                                                }
                                            }
                                        }
                                    }
                                },
                                "workers": {
                                    "total": 0.10944109999960894,
                                    "count": 14086,
                                    "self": 0.0,
                                    "children": {
                                        "worker_root": {
                                            "total": 51.394438799999925,
                                            "count": 14086,
                                            "is_parallel": true,
                                            "self": 22.915037199999723,
                                            "children": {
                                                "steps_from_proto": {
                                                    "total": 0.0006069999999995801,
                                                    "count": 1,
                                                    "is_parallel": true,
                                                    "self": 0.0002637999999999252,
                                                    "children": {
                                                        "_process_rank_one_or_two_observation": {
                                                            "total": 0.0003431999999996549,
                                                            "count": 6,
                                                            "is_parallel": true,
                                                            "self": 0.0003431999999996549
                                                        }
                                                    }
                                                },
                                                "UnityEnvironment.step": {
                                                    "total": 28.478794600000203,